lo,hi,q_present,phi_q,n_primes,n_triples,active_present_states,median_triples_per_active_present,min_triples_per_active_present,cmi_bits,first_order_bias_bits,bias_corrected_cmi_bits,df_reference
10000000,20000000,30,8,606028,606026,8,75739.5,75640,0.0034566231170572266,0.0004665942187533816,0.002990028898303845,392
10000000,20000000,210,48,606028,606026,48,12615.5,12539,0.003616159220346318,0.0027995653125202895,0.0008165939078260283,2352
10000000,20000000,2310,480,606028,606026,480,1263.0,1201,0.028447314550618816,0.027587383183793685,0.0008599313668251306,23177
10000000,20000000,30030,5760,606028,606026,5760,105.0,81,0.26138769447506327,0.26745966211250916,-0.006071967637445885,224701
20000000,40000000,30,8,1163047,1163045,8,145356.0,145310,0.003046641591569815,0.00024312750410709547,0.0028035140874627194,392
20000000,40000000,210,48,1163047,1163045,48,24235.5,24098,0.0023865547328771916,0.0014587650246425728,0.0009277897082346188,2352
20000000,40000000,2310,480,1163047,1163045,480,2422.0,2355,0.015267587532475483,0.01455725930841234,0.0007103282240631427,23471
20000000,40000000,30030,5760,1163047,1163045,5760,202.0,170,0.15447527028704466,0.15502231413661247,-0.000547043849567802,249946
50000000,100000000,30,8,2760321,2760319,8,345050.0,344820,0.0026754692637514267,0.00010244041649325198,0.002573028847258175,392
50000000,100000000,210,48,2760321,2760319,48,57521.5,57333,0.001463185447892108,0.0006146424989595119,0.0008485429489325961,2352
50000000,100000000,2310,480,2760321,2760319,480,5752.0,5636,0.006637686303378937,0.0061464249895951195,0.0004912613137838173,23520
50000000,100000000,30030,5760,2760321,2760319,5760,479.0,418,0.07174049135297278,0.07049207292701212,0.0012484184259606568,269746
