prime,pair_weight,pair_share_of_tail,triple_weight,triple_share_of_tail,triple_cumulative_share_through_prime,pair_local_ratio_divisible_vs_nondivisible,triple_one_collision_ratio_vs_generic,triple_all_collision_ratio_vs_generic
7,0.03324115007177121,0.4716111319045083,0.013502142167584448,0.6717835509752857,0.6717835509752857,1.2,1.25,1.5
11,0.011100838259683072,0.15749391598769827,0.0028871714070719113,0.1436478920192017,0.8154314429944874,1.1111111111111112,1.125,1.25
13,0.0075709797256314606,0.10741380217958518,0.001674580701600988,0.08331683640666726,0.8987482794011546,1.0909090909090908,1.1,1.2
17,0.00416522071062472,0.05909435894150927,0.0007101767271764157,0.03533402608868622,0.934082305489841,1.0666666666666667,1.0714285714285714,1.1428571428571428
19,0.00326708427269883,0.04635198567282342,0.0004999417564631988,0.024874026970622076,0.958956332460463,1.0588235294117647,1.0625,1.125
23,0.0021641118546706804,0.030703487669517384,0.00027488914499532375,0.01367679318270397,0.9726331256431671,1.0476190476190477,1.05,1.1
29,0.0013226055425393632,0.018764558254856113,0.0001339126124112313,0.006662667980342271,0.9792957936235094,1.037037037037037,1.0384615384615385,1.0769230769230769
31,0.0011493152060188974,0.01630598953572108,0.00010899950235766952,0.00542314484913131,0.9847189384726406,1.0344827586206897,1.0357142857142858,1.0714285714285714
37,0.0007935983090727359,0.0112592312844534,6.325346059678371e-05,0.003147103166577357,0.9878660416392179,1.0285714285714285,1.0294117647058822,1.0588235294117647
41,0.0006409914011293676,0.009094110148866163,4.6178700003372166e-05,0.002297568095688159,0.990163609734906,1.0256410256410255,1.0263157894736843,1.0526315789473684
43,0.0005806919921054823,0.008238608083458467,3.9916225583944376e-05,0.001985985885164913,0.992149595620071,1.024390243902439,1.025,1.05
47,0.0004830723405526202,0.006853622477799009,3.041665123501062e-05,0.0015133454915389776,0.99366294111161,1.0222222222222221,1.0227272727272727,1.0454545454545454
53,0.00037706205835376594,0.005349594215438288,2.1085279468751674e-05,0.0010490738239174071,0.9947120149355274,1.0196078431372548,1.02,1.04
59,0.0003024727145558568,0.004291352705123658,1.5212324046559996e-05,0.0007568716830073982,0.9954688866185348,1.0175438596491229,1.0178571428571428,1.0357142857142858
61,0.0002824792261008361,0.004007693695112468,1.3745772775023635e-05,0.0006839051115810309,0.9961527917301158,1.0169491525423728,1.0172413793103448,1.0344827586206897
67,0.0002330957052643999,0.003307061553660793,1.0336484121059073e-05,0.0005142798765750953,0.996667071606691,1.0153846153846153,1.015625,1.03125
71,0.00020703576546545572,0.0029373343426765874,8.668243871258242e-06,0.000431278502053826,0.9970983501087448,1.0144927536231885,1.0147058823529411,1.0294117647058822
73,0.00019561496457597542,0.002775300934593098,7.967635419788755e-06,0.00039642053451580014,0.9974947706432605,1.0140845070422535,1.0142857142857142,1.0285714285714285
79,0.00016649785635932835,0.0023621999337495583,6.270740210999311e-06,0.0003119934654740986,0.9978067641087347,1.0129870129870129,1.013157894736842,1.0263157894736843
83,0.00015055517221169865,0.002136011991989844,5.399128810169729e-06,0.0002686274429087628,0.9980753915516435,1.0123456790123457,1.0125,1.025
89,0.00013061508822889437,0.00185311066164787,4.370537895843305e-06,0.00021745108523523517,0.9982928426368787,1.0114942528735633,1.0116279069767442,1.0232558139534884
97,0.00010964812091082143,0.0015556403524638793,3.3683646136950728e-06,0.00016758910646045972,0.9984604317433391,1.0105263157894737,1.0106382978723405,1.0212765957446808
