lo,hi,q_present,phi_q,n_primes,best_tau,val_gain_bits,test_gain_bits,base_test_logloss_bits,aug_test_logloss_bits,train_n,val_n,test_n
10000000,20000000,180,48,606028,1000,0.0013802191213914128,0.0008421581482545015,2.795426328193114,2.7945841700448595,206026,200000,200000
10000000,20000000,210,48,606028,3000,0.00018474038493998535,-2.716305693706289e-05,2.6487498573437436,2.6487770204006806,206026,200000,200000
20000000,40000000,180,48,1163047,1000,0.0013567912885568134,0.0009988097554400888,2.810136334788659,2.809137525033219,400000,400000,363045
20000000,40000000,210,48,1163047,3000,0.0002638028159633876,0.00016071975559617258,2.6694474255681735,2.6692867058125773,400000,400000,363045
40000000,60000000,180,48,1128461,1000,0.001025629217889179,0.0011432339147225967,2.8239680463352452,2.8228248124205226,400000,378459,350000
40000000,60000000,210,48,1128461,10000,0.00012994884297379272,0.00015538082419963573,2.6882939673674446,2.688138586543245,400000,378459,350000
60000000,80000000,180,48,1107267,3000,0.0008520986087865445,0.0009720720714292419,2.828909154121528,2.8279370820500986,400000,357265,350000
60000000,80000000,210,48,1107267,10000,0.0001347643846436597,0.000132201218578043,2.6979589913437723,2.697826790125194,400000,357265,350000
80000000,100000000,180,48,1092073,3000,0.0007700802256134232,0.0008515957481733949,2.8335829980574334,2.83273140230926,392071,350000,350000
80000000,100000000,210,48,1092073,10000,0.00012036078599964029,0.00013357301514949071,2.704283332687456,2.7041497596723065,392071,350000,350000
