q_present,phi_q,reps,n_primes,n_triples,actual_cmi_bits,first_order_bias_bits,bias_corrected_cmi_bits,null_mean_cmi_bits,null_sd_cmi_bits,excess_over_markov_null_bits,z_descriptive,null_min_bits,null_max_bits,observed_transition_edges,lo,hi
30,8,30,606028,606026,0.0034566231170572266,0.0004665942187533816,0.002990028898303845,0.0004504753745945068,2.770901107498039e-05,0.0030061477424627196,108.4898964574414,0.0003863077186290313,0.0004986683583973533,64,10000000,20000000
210,48,30,606028,606026,0.003616159220346318,0.0027995653125202895,0.0008165939078260283,0.00282919923331471,8.633409491054784e-05,0.0007869599870316078,9.115286235953361,0.0026443077697435326,0.0029886773686105313,1291,10000000,20000000
2310,480,30,606028,606026,0.028447314550618816,0.027587383183793685,0.0008599313668251306,0.028112781593900862,0.0002969482250542493,0.00033453295671795336,1.1265699825511257,0.02747120673319577,0.028838326569496763,8856,10000000,20000000
30030,5760,15,606028,606026,0.26138769447506327,0.26745966211250916,-0.006071967637445885,0.24475523971317115,0.0008683727893388201,0.016632454761892124,19.153588143354987,0.24315923624115696,0.2457592567523122,63929,10000000,20000000
30,8,30,1163047,1163045,0.003046641591569815,0.00024312750410709547,0.0028035140874627194,0.00024483355321880363,1.738432496836072e-05,0.0028018080383510114,161.16864148882806,0.00021058304828496538,0.00028087444495887624,64,20000000,40000000
210,48,30,1163047,1163045,0.0023865547328771916,0.0014587650246425728,0.0009277897082346188,0.0014678945058348631,4.725728333376615e-05,0.0009186602270423285,19.439547985737253,0.0013678197208308546,0.0015441621140716922,1438,20000000,40000000
2310,480,30,1163047,1163045,0.015267587532475483,0.01455725930841234,0.0007103282240631427,0.014820148806525645,0.00015332488131246543,0.0004474387259498381,2.91823950633289,0.014562295156251862,0.015102371516543912,10142,20000000,40000000
30030,5760,15,1163047,1163045,0.15447527028704466,0.15502231413661247,-0.000547043849567802,0.148649066226639,0.0006135226899085485,0.005826204060405654,9.496313919985758,0.14783599407561082,0.1500856291695068,76132,20000000,40000000
30,8,30,2760321,2760319,0.0026754692637514267,0.00010244041649325198,0.002573028847258175,9.942531228477933e-05,8.087144283119278e-06,0.0025760439514666473,318.5356735682037,7.87594287404866e-05,0.00011606680499415327,64,50000000,100000000
210,48,30,2760321,2760319,0.001463185447892108,0.0006146424989595119,0.0008485429489325961,0.0006146377303876094,1.6222479240379702e-05,0.0008485477175044987,52.306907281617065,0.0005901038560500506,0.0006549479541557696,1659,50000000,100000000
2310,480,30,2760321,2760319,0.006637686303378937,0.0061464249895951195,0.0004912613137838173,0.00623831404863677,5.106349158965983e-05,0.00039937225474216687,7.821091788071897,0.006135456157779714,0.006336118430697183,11953,50000000,100000000
30030,5760,15,2760321,2760319,0.07174049135297278,0.07049207292701212,0.0012484184259606568,0.07016549720450567,0.00015546582486519064,0.0015749941484671098,10.130806238817035,0.06990099832619502,0.0704088365224488,94173,50000000,100000000
