xmid,logx,hmax,pmax,G180_model,G210_model,suppression_fraction,total_mass_180,total_mass_210,weight_pairs_180,weight_pairs_210
60000000,17.909855120186375,100,47,0.0018126100862812871,0.00047732166278674287,0.7366661112616856,809.190732743874,594.5074771179483,2500,2500
60000000,17.909855120186375,100,97,0.0018134125014762845,0.0004783135984520414,0.7362356341634073,804.0456222138437,590.7273959122119,2500,2500
60000000,17.909855120186375,100,199,0.0018134125014762457,0.00047831359845202216,0.7362356341634122,801.4129676304864,588.7932007081125,2500,2500
60000000,17.909855120186375,140,47,0.0017825326865790981,0.00046778801357847327,0.7375711440802712,815.3108801129899,599.0039119197477,4900,4900
60000000,17.909855120186375,140,97,0.0017841834308398527,0.00046913878622250644,0.737056864157923,810.1562520853466,595.2168382667853,4900,4900
60000000,17.909855120186375,140,199,0.0017841911095776454,0.0004691452788069077,0.7370543568519607,807.503712393627,593.2680335953179,4900,4900
60000000,17.909855120186375,180,47,0.0017789450007990011,0.00046726146664896915,0.7373378792266755,815.9460699518834,599.4705820054653,8100,8100
60000000,17.909855120186375,180,97,0.0017806197123364305,0.0004686301598254434,0.7368162575205163,810.7900646930403,595.6824965091726,8100,8100
60000000,17.909855120186375,180,199,0.0017806352998017032,0.0004686428365972277,0.7368114421580786,808.1355887762554,593.732269305004,8100,8100
60000000,17.909855120186375,240,47,0.0017785807590148157,0.00046714879523995307,0.7373474367850947,816.0185329480805,599.5238201251204,14400,14400
60000000,17.909855120186375,240,97,0.0017802586180291566,0.00046851858152267736,0.7368255506374951,810.8622052854959,595.7354977607724,14400,14400
60000000,17.909855120186375,240,199,0.00178027817941009,0.0004685361990745448,0.7368185463971715,808.2076339409134,593.7852004463855,14400,14400
75000000,18.132998671500584,100,47,0.0017909097143728478,0.00047400522225526676,0.7353271253982466,831.6423262531378,611.0025254104686,2500,2500
75000000,18.132998671500584,100,97,0.0017917564879806273,0.0004750541667344287,0.734866780211952,826.3568863416072,607.1193450673034,2500,2500
75000000,18.132998671500584,100,199,0.0017917564879805403,0.0004750541667344147,0.7348667802119468,823.6511788740058,605.1314783564126,2500,2500
75000000,18.132998671500584,140,47,0.0017591751514303448,0.0004639391570400705,0.7362746076404887,838.3527241819489,615.9326136846971,4900,4900
75000000,18.132998671500584,140,97,0.001760918197511606,0.00046537324199986827,0.7357212602734766,833.0568209655922,612.0417460155372,4900,4900
75000000,18.132998671500584,140,199,0.001760926750438004,0.0004653804601641347,0.735718444819821,830.3293177863866,610.0378661287739,4900,4900
75000000,18.132998671500584,180,47,0.0017552829645174947,0.0004633646667714172,0.7360171116918518,839.0689027229971,616.4587856740386,8100,8100
75000000,18.132998671500584,180,97,0.0017570521675516252,0.00046481807828533273,0.7354557326928794,833.7714379433046,612.5667707338564,8100,8100
75000000,18.132998671500584,180,199,0.0017570695240133253,0.0004648321794142496,0.7354503205129154,831.041755654242,610.5612898684228,8100,8100
75000000,18.132998671500584,240,47,0.0017548778767388163,0.0004632384874998222,0.7360280771442153,839.1530566404875,616.5206130419909,14400,14400
75000000,18.132998671500584,240,97,0.001756650587133507,0.00046469313451290615,0.735466382491472,833.8552180248279,612.6283234468124,14400,14400
75000000,18.132998671500584,240,199,0.0017566723857037859,0.00046471275865547237,0.7354584938902584,831.1254252714343,610.6227614239109,14400,14400
90000000,18.31532022829454,100,47,0.0017734020642501264,0.00047128674896280834,0.7342470957582371,850.1952752903715,624.6332634786403,2500,2500
90000000,18.31532022829454,100,97,0.0017742857023456465,0.00047238340621145737,0.7337613634675884,844.7939918807347,620.6649736266622,2500,2500
90000000,18.31532022829454,100,199,0.0017742857023456352,0.0004723834062115037,0.7337613634675605,842.0279165321817,618.6327550032356,2500,2500
90000000,18.31532022829454,140,47,0.0017402871664268856,0.0004607773258315075,0.7352291422239445,857.418939080711,629.9404450388897,4900,4900
90000000,18.31532022829454,140,97,0.001742106997023718,0.00046228129800287594,0.7346424193274839,852.0063673052741,625.9638616936709,4900,4900
90000000,18.31532022829454,140,199,0.001742116316491098,0.0004622891509263418,0.7346393311685029,849.2168355914655,623.9144098223011,4900,4900
90000000,18.31532022829454,180,47,0.0017361345638847523,0.0004601616003520853,0.7349504986972706,858.2073025214331,630.5196508320732,8100,8100
90000000,18.31532022829454,180,97,0.001737982431489517,0.00046168608999570083,0.7343551455810642,852.7930041448053,626.5417989635305,8100,8100
90000000,18.31532022829454,180,199,0.0017380013386003345,0.0004617014380214711,0.7343492045907782,850.0010772561438,624.4905873718607,8100,8100
90000000,18.31532022829454,240,47,0.0017356937306830088,0.0004600235172005313,0.7349627361853128,858.3021553769336,630.5893386442777,14400,14400
90000000,18.31532022829454,240,97,0.0017375454215088609,0.0004615493683943487,0.7343670198885819,852.8874361673381,626.6111775923301,14400,14400
90000000,18.31532022829454,240,199,0.0017375691829806348,0.00046157075196352206,0.7343583458520245,850.0953850859429,624.5598747570193,14400,14400
