q,phi,factorization,gain,ci_low,ci_high
30,8,2*3*5,0.0021804721609992583,0.0019832545639302556,0.0023776897580679653
60,16,2^2*3*5,0.0019453679447125616,0.0017264691764240735,0.002164266713001346
90,24,2*3^2*5,0.0018075920449569516,0.0016057314743441412,0.002009452615569663
120,32,2^3*3*5,0.0015939316322901576,0.0013927886156613679,0.0017950746489193419
150,40,2*3*5^2,0.0015020900912805502,0.0012987100774199142,0.0017054701051414328
180,48,2^2*3^2*5,0.0014300013489627617,0.0012279044436102594,0.0016320982543161027
210,48,2*3*5*7,0.0002732275289423214,0.0001985319519622952,0.0003479231059219035
240,64,2^4*3*5,0.0012685056116299442,0.0010835048830201747,0.0014535063402403058
270,72,2*3^3*5,0.0011537940340975439,0.0009879776423569976,0.0013196104258389784
360,96,2^3*3^2*5,0.0009715452151937143,0.0008069813688859347,0.001136109061502382
480,128,2^5*3*5,0.000838904324753198,0.0006866036206221184,0.0009912050288847216
750,200,2*3*5^3,0.0004982198034011454,0.00032909040743105697,0.0006673491993716284
810,216,2*3^4*5,0.0005322383899675209,0.0003973984335308656,0.0006670783464042749
960,256,2^6*3*5,0.0005296569717283539,0.0004661419200693038,0.0005931720233886869
2310,480,2*3*5*7*11,2.0371567876598107e-05,1.1323500268991695e-05,2.941963548538876e-05
1920,512,2^7*3*5,0.00031280862419702515,0.0002652211857737246,0.00036039606261869736
2520,576,2^3*3^2*5*7,3.0217391135956007e-05,1.804681784973668e-05,4.238796442138584e-05
2430,648,2*3^5*5,0.0001747794577218187,0.00011336685437070706,0.00023619206107396655
3750,1000,2*3*5^4,0.00015684641542490496,0.00012128131748743602,0.00019241151336257128
3840,1024,2^8*3*5,0.0002075940267443066,0.00013207260388976258,0.00028311544959889996
7290,1944,2*3^6*5,7.756149032367432e-05,2.590194568201943e-05,0.00012922103496582264
7680,2048,2^9*3*5,0.00014477405400592502,9.10846025463757e-05,0.00019846350546552367
15360,4096,2^10*3*5,0.0001670244476059679,0.00013587515741909662,0.00019817373779298724
18750,5000,2*3*5^5,0.00018325655325623913,0.0001500637802514468,0.0002164493262609328
27720,5760,2^3*3^2*5*7*11,0.00017061992158229344,0.0001366918822693325,0.0002045479608955011
30030,5760,2*3*5*7*11*13,9.781018165444522e-05,6.019870256754865e-05,0.0001354216607412431
21870,5832,2*3^7*5,0.00020838064606820694,0.00018362112850523295,0.00023314016363078617
30720,8192,2^11*3*5,0.000607547372301287,0.0005404434470166466,0.0006746512975862233
