factorization,phi_q,log2_phi,empirical_present_entropy_bits,effective_states_2^H,active_states,median_triples_per_state,best_tau,base_val_logloss_bits,aug_val_logloss_bits,val_history_gain_bits,base_test_logloss_bits,aug_test_logloss_bits,test_history_gain_bits,block_mean_gain_bits,block_sd_gain_bits,block_se_gain_bits,block_ci95_low_bits,block_ci95_high_bits,n_test_blocks,train_n,val_n,test_n,chain,chain_step,refines_q
2*3*5,8,3.0,2.9999998378029797,7.999999100588792,8,345050.0,3000.0,2.828650399166889,2.8262827434402324,0.002367655726656537,2.828405004883565,2.826224532722566,0.0021804721609992583,0.0021804721609991105,0.0004268996946633775,0.00010062122299431362,0.0019832545639302556,0.0023776897580679653,18,950000,910319,900000,primorial_new_primes,0,
2*3*5*7,48,5.584962500721156,5.584960933917708,47.99994787080947,48,57521.5,3000.0,2.6974846955548544,2.6972360804242643,0.00024861513059004636,2.6970839636482125,2.69681073611927,0.0002732275289423214,0.00027322752894209934,0.00016168698675631,3.810998825500211e-05,0.0001985319519622952,0.0003479231059219035,18,950000,910319,900000,primorial_new_primes,1,30
2*3*5*7*11,480,8.906890595608518,8.906862597659789,479.99068487476086,480,5752.0,10000.0,2.6055498298903976,2.6055329240312606,1.6905859137050783e-05,2.6054619941566872,2.6054416225888106,2.0371567876598107e-05,2.0371567877190227e-05,1.9585561109361817e-05,4.616361024591088e-06,1.1323500268991695e-05,2.941963548538876e-05,18,950000,910319,900000,primorial_new_primes,2,210
2*3*5*7*11*13,5760,12.491853096329674,12.491287550502873,5757.742485096091,5760,479.0,1000.0,2.5484343790800867,2.5482925680805155,0.00014181099957122356,2.548614080684924,2.5485162705032693,9.781018165444522e-05,9.781018165439587e-05,8.141428136560924e-05,1.9189530146350626e-05,6.019870256754865e-05,0.0001354216607412431,18,950000,910319,900000,primorial_new_primes,3,2310
2*3*5,8,3.0,2.9999998378029797,7.999999100588792,8,345050.0,3000.0,2.828650399166889,2.8262827434402324,0.002367655726656537,2.828405004883565,2.826224532722566,0.0021804721609992583,0.0021804721609991105,0.0004268996946633775,0.00010062122299431362,0.0019832545639302556,0.0023776897580679653,18,950000,910319,900000,2_adic_refinement,0,
2^2*3*5,16,4.0,3.9999996800170954,15.999996451276424,16,172498.0,1000.0,2.8286820032512625,2.826486023285636,0.002195979965626371,2.8284530375204318,2.826507669575719,0.0019453679447125616,0.0019453679447127097,0.0004738310309702372,0.00011168304504522259,0.0017264691764240735,0.002164266713001346,18,950000,910319,900000,2_adic_refinement,1,30
2^3*3*5,32,5.0,4.999999186394056,31.99998195364776,32,86238.0,1000.0,2.8288090787629274,2.826921224926776,0.0018878538361515318,2.828542040372074,2.8269481087397836,0.0015939316322901576,0.0015939316322903549,0.0004353967072857405,0.00010262398807601381,0.0013927886156613679,0.0017950746489193419,18,950000,910319,900000,2_adic_refinement,2,60
2^4*3*5,64,6.0,5.99999760487982,63.99989374915699,64,43134.5,1000.0,2.8290066393287687,2.827510979287047,0.0014956600417215249,2.828702363198879,2.827433857587249,0.0012685056116299442,0.0012685056116302402,0.0004004549073202943,9.438812684187018e-05,0.0010835048830201747,0.0014535063402403058,18,950000,910319,900000,2_adic_refinement,3,120
2^5*3*5,128,7.0,6.999994542237918,127.99951577276879,128,21568.5,1000.0,2.8294347566130775,2.8284466464883753,0.000988110124702235,2.829067627141352,2.8282287228165988,0.000838904324753198,0.00083890432475342,0.00032967202246141645,7.770444088331713e-05,0.0006866036206221184,0.0009912050288847216,18,950000,910319,900000,2_adic_refinement,4,240
2^6*3*5,256,8.0,7.999985783731644,255.99747739704856,256,10783.5,3000.0,2.8301344450651924,2.829591802794557,0.0005426422706356071,2.8296998767808237,2.8291702198090953,0.0005296569717283539,0.0005296569717289953,0.00013748548082443402,3.240563860188345e-05,0.0004661419200693038,0.0005931720233886869,18,950000,910319,900000,2_adic_refinement,5,480
2^7*3*5,512,9.0,8.99996756348455,511.98848869043985,512,5391.0,3000.0,2.8314617793571624,2.831167082814443,0.00029469654271929713,2.830961721211703,2.830648912587506,0.00031280862419702515,0.00031280862419621097,0.00010300836859542061,2.427930531759511e-05,0.0002652211857737246,0.00036039606261869736,18,950000,910319,900000,2_adic_refinement,6,960
2^8*3*5,1024,10.0,9.999919189094289,1023.9426434225094,1024,2696.0,1000.0,2.83432631071849,2.8341445166553845,0.0001817940631054782,2.8337057736871625,2.833498179660418,0.0002075940267443066,0.00020759402674433127,0.00016347462313874152,3.8531338191106475e-05,0.00013207260388976258,0.00028311544959889996,18,950000,910319,900000,2_adic_refinement,7,1920
2^9*3*5,2048,11.0,10.99981617578264,2047.7390661207023,2048,1348.0,1000.0,2.839539978249961,2.8393808342282973,0.00015914402166350428,2.8393699532741086,2.8392251792201026,0.00014477405400592502,0.0001447740540059497,0.00011621686287321655,2.7392577275292846e-05,9.10846025463757e-05,0.00019846350546552367,18,950000,910319,900000,2_adic_refinement,8,3840
2^10*3*5,4096,12.0,11.999581558610634,4094.812162411283,4096,673.0,1000.0,2.850619108632098,2.850417280846778,0.00020182778531996348,2.850311851921482,2.850144827473876,0.0001670244476059679,0.00016702444760604193,6.742614587858143e-05,1.5892494993339438e-05,0.00013587515741909662,0.00019817373779298724,18,950000,910319,900000,2_adic_refinement,9,7680
2^11*3*5,8192,13.0,12.999091820118965,8186.844739756341,8192,337.0,300.0,2.8728711289461204,2.8722078504725825,0.000663278473537865,2.8729340629046285,2.872326515532327,0.000607547372301287,0.000607547372301435,0.000145254001876865,3.4236696573871584e-05,0.0005404434470166466,0.0006746512975862233,18,950000,910319,900000,2_adic_refinement,10,15360
2*3*5,8,3.0,2.9999998378029797,7.999999100588792,8,345050.0,3000.0,2.828650399166889,2.8262827434402324,0.002367655726656537,2.828405004883565,2.826224532722566,0.0021804721609992583,0.0021804721609991105,0.0004268996946633775,0.00010062122299431362,0.0019832545639302556,0.0023776897580679653,18,950000,910319,900000,3_adic_refinement,0,
2*3^2*5,24,4.584962500721156,4.584961850777036,23.999989187836015,24,115024.0,1000.0,2.8286967113102235,2.8267499641923064,0.0019467471179170914,2.828446933752354,2.826639341707397,0.0018075920449569516,0.0018075920449569021,0.0004369499336769462,0.00010299008704732696,0.0016057314743441412,0.002009452615569663,18,950000,910319,900000,3_adic_refinement,1,30
2*3^3*5,72,6.169925001442312,6.169921660060065,71.99983324317586,72,38344.5,1000.0,2.828974569806917,2.8276577814636696,0.0013167883432472216,2.8287707268387328,2.827616932804635,0.0011537940340975439,0.001153794034097988,0.0003589282500977736,8.460019986785227e-05,0.0009879776423569976,0.0013196104258389784,18,950000,910319,900000,3_adic_refinement,2,90
2*3^4*5,216,7.754887502163468,7.754873124905631,215.99784745068703,216,12784.0,1000.0,2.8296818801302064,2.8289987249406425,0.0006831551895638555,2.829523247372501,2.8289910089825336,0.0005322383899675209,0.0005322383899675703,0.00029187626807538534,6.879589614117587e-05,0.0003973984335308656,0.0006670783464042749,18,950000,910319,900000,3_adic_refinement,3,270
2*3^5*5,648,9.339850002884624,9.339797667075153,647.976493307004,648,4261.5,1000.0,2.8321562187192324,2.8318662850269534,0.0002899336922790319,2.8320194499311864,2.8318446704734646,0.0001747794577218187,0.0001747794577223368,0.00013293449473548088,3.1332960893688644e-05,0.00011336685437070706,0.00023619206107396655,18,950000,910319,900000,3_adic_refinement,4,810
2*3^6*5,1944,10.92481250360578,10.924640322667583,1943.7680037975383,1944,1419.0,1000.0,2.8390118222075027,2.8388907991497354,0.00012102305776728883,2.8388659682842956,2.838788406793972,7.756149032367432e-05,7.756149032392103e-05,0.00011182290100805448,2.635691053158245e-05,2.590194568201943e-05,0.00012922103496582264,18,950000,910319,900000,3_adic_refinement,5,2430
2*3^7*5,5832,12.509775004326936,12.50916312339,5829.5270359363285,5832,473.0,1000.0,2.859590821378436,2.859372220477322,0.00021860090111358588,2.8592618207518745,2.8590534401058063,0.00020838064606820694,0.00020838064606800956,5.35947635741227e-05,1.2632406919783978e-05,0.00018362112850523295,0.00023314016363078617,18,950000,910319,900000,3_adic_refinement,6,7290
2*3*5,8,3.0,2.9999998378029797,7.999999100588792,8,345050.0,3000.0,2.828650399166889,2.8262827434402324,0.002367655726656537,2.828405004883565,2.826224532722566,0.0021804721609992583,0.0021804721609991105,0.0004268996946633775,0.00010062122299431362,0.0019832545639302556,0.0023776897580679653,18,950000,910319,900000,5_adic_refinement,0,
2*3*5^2,40,5.321928094887363,5.321926919075914,39.999967399597686,40,69016.5,1000.0,2.828844210193822,2.8269953891909765,0.0018488210028455576,2.8285686753488815,2.827066585257601,0.0015020900912805502,0.0015020900912806735,0.00044023893966966415,0.00010376531319426498,0.0012987100774199142,0.0017054701051414328,18,950000,910319,900000,5_adic_refinement,1,30
2*3*5^3,200,7.643856189774724,7.643846172832161,199.99861136172163,200,13803.5,1000.0,2.8296633125648207,2.828826938220244,0.0008363743445767291,2.8293906948975485,2.8288924750941473,0.0004982198034011454,0.0004982198034013427,0.0003660996207813483,8.629050814810496e-05,0.00032909040743105697,0.0006673491993716284,18,950000,910319,900000,5_adic_refinement,2,150
2*3*5^4,1000,9.965784284662087,9.96570593363967,999.9456926844135,1000,2760.0,3000.0,2.8339847170061487,2.8338147239611975,0.00016999304495124434,2.8333961555328764,2.8332393091174515,0.00015684641542490496,0.00015684641542500365,7.698465895474826e-05,1.814545813141206e-05,0.00012128131748743602,0.00019241151336257128,18,950000,910319,900000,5_adic_refinement,3,750
2*3*5^5,5000,12.287712379549449,12.287207811307116,4998.251605486751,5000,552.0,1000.0,2.8561479075009486,2.855960671383668,0.00018723611728077572,2.8553901541353044,2.855206897582048,0.00018325655325623913,0.0001832565532561898,7.184949452461089e-05,1.6935088267726027e-05,0.0001500637802514468,0.0002164493262609328,18,950000,910319,900000,5_adic_refinement,4,3750
2*3*5,8,3.0,2.9999998378029797,7.999999100588792,8,345050.0,3000.0,2.828650399166889,2.8262827434402324,0.002367655726656537,2.828405004883565,2.826224532722566,0.0021804721609992583,0.0021804721609991105,0.0004268996946633775,0.00010062122299431362,0.0019832545639302556,0.0023776897580679653,18,950000,910319,900000,mixed_refinement,0,
2^2*3*5,16,4.0,3.9999996800170954,15.999996451276424,16,172498.0,1000.0,2.8286820032512625,2.826486023285636,0.002195979965626371,2.8284530375204318,2.826507669575719,0.0019453679447125616,0.0019453679447127097,0.0004738310309702372,0.00011168304504522259,0.0017264691764240735,0.002164266713001346,18,950000,910319,900000,mixed_refinement,1,30
2^2*3^2*5,48,5.584962500721156,5.584961423784019,47.99996416916825,48,57506.5,1000.0,2.828821788436629,2.82728978754076,0.0015320008958688014,2.8285587620789787,2.827128760730016,0.0014300013489627617,0.001430001348963181,0.0004374615068322453,0.00010311066599638863,0.0012279044436102594,0.0016320982543161027,18,950000,910319,900000,mixed_refinement,2,60
2^3*3^2*5,96,6.584962500721156,6.584958637753628,95.99974295025926,96,28754.5,1000.0,2.8290834382830523,2.827988699495599,0.0010947387874531422,2.8288316132699407,2.827860068054747,0.0009715452151937143,0.0009715452151941584,0.00035621697447760936,8.396114607562431e-05,0.0008069813688859347,0.001136109061502382,18,950000,910319,900000,mixed_refinement,3,180
2^3*3^2*5*7,576,9.169925001442312,9.169884436358208,575.9838045052526,576,4790.5,10000.0,2.700275056786341,2.7002476470609835,2.7409725357419035e-05,2.6996061198497507,2.699575902458615,3.0217391135956007e-05,3.0217391135561262e-05,2.63445762285747e-05,6.209476166237031e-06,1.804681784973668e-05,4.238796442138584e-05,18,950000,910319,900000,mixed_refinement,4,360
2^3*3^2*5*7*11,5760,12.491853096329674,12.491272932727789,5757.6841463925775,5760,479.0,1000.0,2.6334322362525886,2.6332678727841605,0.0001643634684280748,2.6327871128542135,2.6326164929326312,0.00017061992158229344,0.0001706199215824168,7.344106123667047e-05,1.731022413932873e-05,0.0001366918822693325,0.0002045479608955011,18,950000,910319,900000,mixed_refinement,5,2520
