q_present,factorization,phi_q,empirical_present_entropy_bits,test_history_gain_bits,block_ci95_low_bits,block_ci95_high_bits,best_tau
30,2*3*5,8,2.9999998378029797,0.0021804721609992583,0.0019832545639302556,0.0023776897580679653,3000.0
60,2^2*3*5,16,3.9999996800170954,0.0019453679447125616,0.0017264691764240735,0.002164266713001346,1000.0
90,2*3^2*5,24,4.584961850777036,0.0018075920449569516,0.0016057314743441412,0.002009452615569663,1000.0
120,2^3*3*5,32,4.999999186394056,0.0015939316322901576,0.0013927886156613679,0.0017950746489193419,1000.0
150,2*3*5^2,40,5.321926919075914,0.0015020900912805502,0.0012987100774199142,0.0017054701051414328,1000.0
210,2*3*5*7,48,5.584960933917708,0.0002732275289423214,0.0001985319519622952,0.0003479231059219035,3000.0
180,2^2*3^2*5,48,5.584961423784019,0.0014300013489627617,0.0012279044436102594,0.0016320982543161027,1000.0
240,2^4*3*5,64,5.99999760487982,0.0012685056116299442,0.0010835048830201747,0.0014535063402403058,1000.0
270,2*3^3*5,72,6.169921660060065,0.0011537940340975439,0.0009879776423569976,0.0013196104258389784,1000.0
360,2^3*3^2*5,96,6.584958637753628,0.0009715452151937143,0.0008069813688859347,0.001136109061502382,1000.0
480,2^5*3*5,128,6.999994542237918,0.000838904324753198,0.0006866036206221184,0.0009912050288847216,1000.0
750,2*3*5^3,200,7.643846172832161,0.0004982198034011454,0.00032909040743105697,0.0006673491993716284,1000.0
810,2*3^4*5,216,7.754873124905631,0.0005322383899675209,0.0003973984335308656,0.0006670783464042749,1000.0
960,2^6*3*5,256,7.999985783731644,0.0005296569717283539,0.0004661419200693038,0.0005931720233886869,3000.0
2310,2*3*5*7*11,480,8.906862597659789,2.0371567876598107e-05,1.1323500268991695e-05,2.941963548538876e-05,10000.0
1920,2^7*3*5,512,8.99996756348455,0.00031280862419702515,0.0002652211857737246,0.00036039606261869736,3000.0
2520,2^3*3^2*5*7,576,9.169884436358208,3.0217391135956007e-05,1.804681784973668e-05,4.238796442138584e-05,10000.0
2430,2*3^5*5,648,9.339797667075153,0.0001747794577218187,0.00011336685437070706,0.00023619206107396655,1000.0
3750,2*3*5^4,1000,9.96570593363967,0.00015684641542490496,0.00012128131748743602,0.00019241151336257128,3000.0
3840,2^8*3*5,1024,9.999919189094289,0.0002075940267443066,0.00013207260388976258,0.00028311544959889996,1000.0
7290,2*3^6*5,1944,10.924640322667583,7.756149032367432e-05,2.590194568201943e-05,0.00012922103496582264,1000.0
7680,2^9*3*5,2048,10.99981617578264,0.00014477405400592502,9.10846025463757e-05,0.00019846350546552367,1000.0
15360,2^10*3*5,4096,11.999581558610634,0.0001670244476059679,0.00013587515741909662,0.00019817373779298724,1000.0
18750,2*3*5^5,5000,12.287207811307116,0.00018325655325623913,0.0001500637802514468,0.0002164493262609328,1000.0
27720,2^3*3^2*5*7*11,5760,12.491272932727789,0.00017061992158229344,0.0001366918822693325,0.0002045479608955011,1000.0
30030,2*3*5*7*11*13,5760,12.491287550502873,9.781018165444522e-05,6.019870256754865e-05,0.0001354216607412431,1000.0
21870,2*3^7*5,5832,12.50916312339,0.00020838064606820694,0.00018362112850523295,0.00023314016363078617,1000.0
30720,2^11*3*5,8192,12.999091820118965,0.000607547372301287,0.0005404434470166466,0.0006746512975862233,300.0
