lo,hi,q_present,n_primes,n_triples,cmi_bits,cmi_null_bias_first_order_bits,cmi_bias_corrected_bits,cmi_df_reference,base_logloss_bits,augmented_logloss_bits,heldout_history_gain_bits,max_tv,weighted_mean_tv,n_tv_pairs
10000000,20000000,30,606028,606026,0.0034566231170572266,0.0004665942187533816,0.002990028898303845,392,2.7935011533971443,2.7915622240106797,0.0019389293864646717,0.07791396236021936,0.042077044821380326,224
10000000,20000000,210,606028,606026,0.003616159220346318,0.0027995653125202895,0.0008165939078260283,2352,2.645641116328042,2.6503599063563867,-0.004718790028344522,0.12525888675934474,0.04201789870057337,1149
10000000,20000000,2310,606028,606026,0.028447314550618816,0.027587383183793685,0.0008599313668251306,23177,2.549638786153505,2.593221147416438,-0.043582361262933134,0.1835709610404394,0.07594644480829094,1098
20000000,40000000,30,1163047,1163045,0.003046641591569815,0.00024312750410709547,0.0028035140874627194,392,2.8092558589661722,2.806737652794789,0.0025182061713833193,0.07471882955871201,0.03974909958376948,224
20000000,40000000,210,1163047,1163045,0.0023865547328771916,0.0014587650246425728,0.0009277897082346188,2352,2.6692499692429497,2.670964633766031,-0.0017146645230812219,0.13127044711014177,0.03434206850572816,1281
20000000,40000000,2310,1163047,1163045,0.015267587532475483,0.01455725930841234,0.0007103282240631427,23471,2.572994334960119,2.5976577200697055,-0.024663385109586322,0.1900093370681606,0.06734291036978295,4193
50000000,100000000,30,2760321,2760319,0.0026754692637514267,0.00010244041649325198,0.002573028847258175,392,2.8296355853384285,2.8272768812785825,0.002358704059846062,0.06580553298562641,0.0370721425994657,224
50000000,100000000,210,2760321,2760319,0.001463185447892108,0.0006146424989595119,0.0008485429489325961,2352,2.698117476292319,2.6984782612197913,-0.0003607849274724906,0.10544562432016681,0.027187390187320224,1344
50000000,100000000,2310,2760321,2760319,0.006637686303378937,0.0061464249895951195,0.0004912613137838173,23520,2.605383379751859,2.616578325992447,-0.01119494624058781,0.16178467313605685,0.05129133861035065,9033
