q_present,label,added_factors,phi_q,best_tau,val_gain_bits,test_gain_bits,block_mean_gain_bits,block_ci95_low_bits,block_ci95_high_bits,fraction_memory_removed_vs_mod30,added_prime
210,30x7,7,48,3000.0,0.00024861513059004636,0.0002732275289423214,0.00027322752894209934,0.0001985319519622952,0.0003479231059219035,0.8746934109825517,7
330,30x11,11,80,1000.0,0.001295644542813168,0.0010767421476849393,0.001076742147684742,0.0009441874740258391,0.001209296821343645,0.5061885370774493,11
390,30x13,13,96,1000.0,0.001147467136138669,0.0009762183950243752,0.0009762183950244739,0.0007768760009974477,0.0011755607890515001,0.5522903651395403,13
510,30x17,17,128,1000.0,0.001125610119805387,0.0010433217876935075,0.0010433217876934828,0.000880023126534296,0.0012066204488526695,0.5215156577759846,17
570,30x19,19,144,1000.0,0.0010659270627728645,0.0009016793705911574,0.000901679370590812,0.0007337539021351153,0.0010696048390465087,0.586475174176065,19
690,30x23,23,176,1000.0,0.000955615504113716,0.0008270868455433344,0.0008270868455430877,0.0006761037730699175,0.0009780699180162579,0.620684519464674,23
870,30x29,29,224,1000.0,0.000687715404695588,0.000499773527827152,0.0004997735278270286,0.0003960466161295197,0.0006035004395245375,0.7707957309585105,29
930,30x31,31,240,1000.0,0.0007009043015169247,0.0005042835666393408,0.0005042835666393161,0.0003970520278325138,0.0006115151054461184,0.7687273538001789,31
1110,30x37,37,288,1000.0,0.000607183683948076,0.0004751783590735137,0.00047517835907242813,0.0003667431514393631,0.0005836135667054932,0.782075475407239,37
1230,30x41,41,320,1000.0,0.0005326125083655597,0.0004194362628515691,0.0004194362628514457,0.000274804231436478,0.0005640682942664134,0.8076397074203637,41
1290,30x43,43,336,3000.0,0.0004468806487070154,0.0004545910082640603,0.00045459100826435633,0.0004040880744527579,0.0005050939420759548,0.7915171693566901,43
1410,30x47,47,368,1000.0,0.0004243910098398196,0.000353640748994799,0.00035364074899472503,0.00021354011155048623,0.0004937413864389639,0.83781460028697,47
1590,30x53,53,416,1000.0,0.00042655142012337777,0.00031019083933880864,0.00031019083933856193,0.0001688869782008572,0.00045149470047626666,0.8577414355995925,53
1770,30x59,59,464,1000.0,0.0004315023002794405,0.0003111316359172278,0.0003111316359179926,0.0002359402306778458,0.00038632304115813944,0.8573099709859888,59
1830,30x61,61,480,1000.0,0.0003601917323048376,0.0003589318703487443,0.0003589318703483742,0.0002468000880277598,0.0004710636526689886,0.8353880059701132,61
2010,30x67,67,528,1000.0,0.00036697921979866877,0.00027053720423220184,0.0002705372042315604,0.00016685156651888132,0.00037422284194423943,0.8759272376547008,67
2130,30x71,71,560,1000.0,0.0002962459982422949,0.000250376575322786,0.00025037657532293406,0.0001459801655200008,0.0003547729851258673,0.8851732299998527,71
2190,30x73,73,576,3000.0,0.0002581600426281305,0.0002509332629374583,0.0002509332629381491,0.00021733867095711972,0.00028452785491917855,0.884917924004835,73
2370,30x79,79,624,1000.0,0.00029124968669025364,0.00021068296984338986,0.00021068296984380928,0.00013938780403307903,0.0002819781356545395,0.9033773631180694,79
2490,30x83,83,656,3000.0,0.00023839030482575296,0.0002286381554537087,0.00022863815545383205,0.00017853143109389927,0.00027874487981376485,0.8951428229430229,83
2670,30x89,89,704,3000.0,0.000234043228727554,0.0002218553389448097,0.0002218553389446123,0.00018592322911703313,0.0002577874487721915,0.8982535329214483,89
2910,30x97,97,768,1000.0,0.0002517280819023249,0.0001050045781973985,0.00010500457819784259,2.3202372159466668e-05,0.00018680678423621853,0.95184319246283,97
